"category","subcategory","ID","Description","GeneRatio","BgRatio","RichFactor","FoldEnrichment","zScore","pvalue","p.adjust","qvalue","geneID","Count"
"Organismal Systems","Development and regeneration","hsa04360","Axon guidance","120/3293","184/8546",0.652173913043478,1.69252300664123,7.51858708327612,1.26009391680966e-13,4.38512683049763e-11,2.74567832399579e-11,"4233/5058/5362/8482/5880/1947/25791/56288/1969/57556/59277/2042/56924/106821730/2049/2771/8503/6405/1948/84552/10509/9353/3897/103910/5530/2041/1946/10627/10512/56920/10371/3688/658/6259/4756/2534/2045/6714/5361/9037/10298/285220/6091/5062/2773/6586/6237/54434/10398/90249/6093/3985/81029/387/223117/10505/8829/2050/54961/29984/1945/5594/50855/56896/9901/5364/1942/998/5879/8440/2770/5747/7474/1944/5727/7220/23654/57522/3983/1808/55558/5291/5921/5534/8633/9423/9475/91653/22885/5336/2051/5290/2242/5535/1072/1020/2932/64221/10154/64101/4776/10500/3611/2048/1943/5881/25/4690/6092/64218/4636/57715/9723/2043/10507/4773/5295/6608/27289/4917",120
"Cellular Processes","Cellular community - eukaryotes","hsa04510","Focal adhesion","125/3293","203/8546",0.61576354679803,1.59803075339689,6.8274513400446,1.57086976778037e-11,2.73331339593784e-09,1.71142127331861e-09,"87/1284/3675/3918/4233/857/5058/3696/3691/858/5880/2335/7408/5154/2012/7791/5228/2316/56924/106821730/56034/81/3673/3693/5829/8503/3912/7058/824/60/71/7057/3694/3655/3909/10000/1282/103910/7424/1499/3914/1950/10627/5908/1288/3688/1956/3678/6464/7094/2534/1291/6714/10298/894/7423/5062/1399/3676/3371/5601/10398/9564/3479/6093/387/284217/1299/5594/10319/3672/330/2324/55742/5602/54776/5604/5159/7410/3908/998/3911/5879/7414/3910/5155/2317/1398/7450/5747/399694/1292/3685/572/329/5291/5499/29780/1298/9475/10451/1277/7422/5290/6654/2013/2932/4660/3611/22801/3480/3695/5881/5649/1285/896/4636/3915/5295/1278/6655/1286/3690/394/6696",125
"Human Diseases","Infectious disease: bacterial","hsa05132","Salmonella infection","144/3293","251/8546",0.573705179282869,1.48888079628041,6.22414701418329,6.86958450502657e-10,7.96871802583082e-08,4.98948769312456e-08,"302/5058/26084/5420/10109/2316/5585/5603/79792/3800/1781/5217/113146/6281/60/71/83439/84617/51429/10097/10000/113457/103910/3839/10095/1499/10627/3606/5287/834/3553/10333/5216/79026/837/6932/7132/3576/391/55770/197259/8717/6885/10810/2597/147700/5601/4646/6237/23207/10398/4074/5898/10381/7099/51626/57180/387/11035/5289/4671/26999/578/5594/112714/330/7879/581/3831/8737/5602/5604/5288/1432/10006/257397/114548/998/5879/3569/10094/10382/5868/7184/7097/7124/4790/114609/7846/51164/6993/8797/257364/1147/388/8795/1639/29108/3840/55207/836/7295/8743/60412/84516/329/5291/5600/4615/9842/7280/29109/347733/10096/9475/23643/8976/10787/7189/79443/54205/382/5290/1783/79861/8767/23118/10093/5608/83547/6990/10392/6934/84790/9648/51209/79659/4636/260334/124908013/124908015/124908041/929/51807",144
"Human Diseases","Infectious disease: bacterial","hsa05130","Pathogenic Escherichia coli infection","120/3293","203/8546",0.591133004926108,1.53410952326102,6.09769106288566,1.5681002938295e-09,1.36424725563166e-07,8.54202002165015e-08,"5058/4430/4643/4627/10109/9076/355/5603/9138/60/71/5861/84617/7430/10097/113457/10095/1902/79784/3606/57121/9871/3688/1365/834/4651/3553/837/7132/2534/3576/6714/8717/6885/5062/10810/2597/5601/4646/10381/7099/3059/6093/57180/387/4671/26999/578/10427/9368/24146/5594/112714/581/8737/5010/5602/2017/1432/10006/257397/114548/998/5879/3569/10094/10382/8440/7124/4790/114609/7846/8797/4645/1147/8795/2149/9181/29108/836/8743/2768/9826/3554/4642/9073/4644/1364/5600/4615/10672/7280/347733/100506658/10096/9475/10802/8976/10787/7189/10972/54205/382/4793/79861/23118/10093/9080/10686/25/84790/4690/260334/124908013/124908015/124908041/137075/7456/4629/51807",120
"Human Diseases","Cancer: overview","hsa05205","Proteoglycans in cancer","118/3293","204/8546",0.57843137254902,1.50114622223016,5.73578217948372,1.27039827189999e-08,8.84197197242393e-07,5.53626194280627e-07,"4233/857/5058/858/2335/2817/5567/5329/4478/6382/2316/6385/7476/355/3481/5603/3673/3693/5829/8503/7042/8826/2065/9138/60/71/7057/7480/8322/4313/7430/10000/1499/7040/960/3339/3688/1956/3678/5328/6714/3236/3091/1839/22800/3710/6237/3479/7099/3059/7074/6093/81029/387/10855/288/5594/2719/7078/117581/51196/2549/11211/54776/2017/286/5604/1432/7410/998/967/5879/7477/8326/867/7097/7124/7157/7473/5747/7474/8323/5727/4318/836/1026/4087/3685/3709/5291/5600/5499/3708/7479/8321/9475/10451/1277/7422/5336/2099/5290/6383/6654/287/6548/84309/4660/7855/22808/3480/8324/8325/5295/1278/6655/6608/3690",118
"Cellular Processes","Cellular community - eukaryotes","hsa04520","Adherens junction","62/3293","93/8546",0.666666666666667,1.73013462901103,5.60514929975748,3.17936453871089e-08,1.66918649995575e-06,1.04513492283981e-06,"87/4233/4088/5880/7048/56288/81/3643/8826/57493/60/71/83439/4008/9411/103910/6591/1499/5819/10627/5908/1956/57154/5818/6932/1459/5770/2534/6714/6885/10810/117178/10398/64750/6093/387/6615/5594/81607/7525/998/5879/7414/9855/7046/54922/1457/4301/2241/11235/4089/9475/8976/1496/6934/3480/5881/55698/4636/5787/283106/7454",62
"Cellular Processes","Cell motility","hsa04820","Cytoskeleton in muscle cells","130/3293","232/8546",0.560344827586207,1.45420798559117,5.55318249873907,3.35755905163513e-08,1.66918649995575e-06,1.04513492283981e-06,"9124/1284/3675/2274/6711/7169/3696/3691/2335/7791/5318/4627/6382/6385/2201/2192/4000/2275/3673/3693/7058/7171/64423/7431/60/71/7057/3694/1756/3655/1282/5339/2027/79784/114793/8572/1290/10529/3339/1462/1288/3688/4811/3728/4604/1832/3678/29766/481/9260/51332/1466/6640/375790/8910/7094/1291/6709/79188/64236/3676/10398/85301/1829/825/2200/288/284217/1299/8082/3672/7170/7111/3908/7414/271/84665/2006/6712/23345/10611/1292/3685/832/2199/1837/2273/1298/7138/1277/9672/50509/1824/6383/287/57731/57159/478/7139/22795/7135/84823/8557/6645/22801/1730/3695/7134/81624/171024/4001/6443/1285/7137/11155/91977/4636/7136/272/752/200539/4629/4621/1278/2026/161176/1286/3690/22989/2318",130
"Human Diseases","Infectious disease: bacterial","hsa05131","Shigellosis","137/3293","250/8546",0.548,1.42217066504707,5.36379145111312,9.06547406824174e-08,3.6761295065559e-06,2.30175077996695e-06,"87/340061/10109/5603/81/5829/8503/5331/10801/5217/824/60/71/10097/823/10000/103910/10095/10318/960/55964/10627/3606/3688/2931/1956/115004/3678/834/3553/5216/837/7094/7132/3576/2308/6714/113026/5588/8717/6885/718/1399/5601/3710/10398/81631/9564/8915/7099/3059/8945/6093/1437/54874/57180/387/5289/4671/58528/5333/5594/7323/80201/581/8737/51196/5602/2017/23291/1432/989/100132074/257397/114548/51619/998/5879/7414/10094/5332/7124/4790/7157/1398/5747/1147/3020/23176/9181/29108/3554/598/3709/84812/29110/5291/11146/5600/4615/3021/3708/10096/9475/8976/5580/7189/54205/5336/382/5290/4793/3661/664/4303/7316/5581/8767/7314/84557/23118/10093/2932/10392/3611/10616/23157/440093/333932/124404/126961/4636/23236/5330/929/5295/7188",137
"Environmental Information Processing","Signal transduction","hsa04390","Hippo signaling pathway","93/3293","157/8546",0.592356687898089,1.53728522768815,5.37957327713692,9.50723148247216e-08,3.6761295065559e-06,2.30175077996695e-06,"25937/122786/4088/7048/56288/7476/84552/7042/126374/60/71/7480/374/83439/8322/55233/84962/1741/6591/5054/7003/1499/7040/166824/3993/658/8313/7534/8463/6932/3398/8994/894/656/1739/5516/7533/650/8945/81029/6657/7161/6788/330/50855/1740/652/1454/11211/23291/7477/10971/26524/2246/8326/85409/7473/5521/7046/7474/8323/60485/7005/7529/23286/23513/4087/268/85407/7532/329/5499/10413/7479/4089/8321/1496/8312/5584/5522/1490/2932/7043/8200/7855/6934/896/1742/8324/353500/8325/154796/654",93
"Environmental Information Processing","Signal transduction","hsa04014","Ras signaling pathway","130/3293","238/8546",0.546218487394958,1.41754728007207,5.17242368945374,2.4777452617189e-07,8.62255351078176e-06,5.39887651764012e-06,"4233/810/5058/5880/5567/1969/5154/2113/5228/7039/9610/56924/106821730/56034/3481/4254/8503/2114/3643/5924/10000/7424/1946/1950/5908/1956/4909/5337/6464/10928/2263/55970/2791/55770/4804/283455/10298/3363/5899/22800/7423/5062/2250/255189/5601/6237/5321/1435/5898/9462/3479/805/7074/51365/387/1945/5594/10681/2324/6789/5320/2323/51196/2549/2788/23179/5602/27/5604/8398/5159/1942/998/11145/2787/5879/2902/2246/5155/5868/4790/399694/1147/1944/22821/627/5322/598/572/2784/29110/54331/5291/4301/5921/163688/5900/7422/5922/5336/382/253959/5290/51764/2786/6654/4303/64926/123745/2790/22808/7010/91860/3480/10125/5338/2264/1943/5881/25/283748/7535/5966/1436/4763/8605/5295/6655/26291/4803",130
"Human Diseases","Infectious disease: viral","hsa05165","Human papillomavirus infection","173/3293","333/8546",0.519519519519519,1.34825806675184,5.1324010914448,2.77324190930245e-07,8.77352894942957e-06,5.49340741842686e-06,"1284/3675/3918/3696/3691/2335/5567/56288/3716/148327/155066/1021/7476/355/3105/84441/3673/3693/5829/8503/3912/54626/7058/3659/84552/5925/7057/3694/3133/7480/83439/8322/3655/5315/3909/10000/1282/1741/1499/3914/1950/3107/55534/182/3993/1288/3688/1956/8313/3678/7098/55502/6932/7132/5610/1291/2308/3134/8717/4851/894/8900/1739/3676/3371/5516/10488/10312/81029/5523/3135/578/284217/9368/1299/7015/5594/10319/3672/7249/50855/581/4599/4242/1740/9586/90423/11211/5604/3106/1027/5159/3908/998/3911/5743/7477/3910/8326/7124/84667/4790/7157/3516/7473/3455/5521/7450/5747/523/7474/1147/8323/5734/1292/836/1026/23513/148022/1108/3685/572/4853/29110/5291/1869/7479/1298/8321/1277/7422/5290/9296/6654/7283/3661/8312/5584/9223/64764/9636/5522/10379/92359/2932/5986/90993/3955/7855/533/6934/9519/22801/3695/5649/527/1285/896/8324/4855/8325/51382/3915/245973/5295/1278/6655/3280/8638/1286/3690/9134/6696",173
"Human Diseases","Endocrine and metabolic disease","hsa04933","AGE-RAGE signaling pathway in diabetic complications","64/3293","101/8546",0.633663366336634,1.64448439985207,5.15847663613415,3.338572055119e-07,9.06506350688383e-06,5.67594720485467e-06,"1284/2152/4088/7048/2335/5603/8503/5331/7042/3383/4313/1906/10000/1282/5054/7424/7040/3552/1288/3553/3576/2308/7056/113026/7423/5601/183/5333/5594/581/5292/51196/5602/1432/1027/998/5879/3569/5332/7124/4790/7046/836/4087/84812/5291/5600/4089/1277/7422/5580/5336/5290/5581/177/7043/1285/1958/23236/5330/5295/1278/1286/4846",64
"Human Diseases","Infectious disease: viral","hsa05163","Human cytomegalovirus infection","124/3293","226/8546",0.548672566371681,1.423916110602,5.11352845298057,3.38637429854856e-07,9.06506350688383e-06,5.67594720485467e-06,"810/5880/5567/3716/340061/148327/1021/355/5603/3105/2771/5829/8503/5331/5925/9138/3133/6891/10000/5530/2776/1499/3107/1388/1956/115004/6376/55970/3570/2791/3553/109/7132/3576/6714/3134/8717/107/1399/2773/3710/10488/9564/805/6093/387/6890/3135/578/113/5594/10681/7249/581/9586/8737/2788/6892/5604/3106/1432/3588/5743/2787/5879/3569/5332/7124/4790/7157/1398/2770/5747/1147/196883/5734/567/637/836/1026/5733/2768/9826/3685/3554/3709/2784/29110/54331/5291/1870/5600/10672/5534/163688/3708/1869/2923/9475/7422/54205/5290/51764/2786/6654/3661/5535/64764/2932/5608/90993/2790/4776/3579/91860/5881/23236/4773/5330/5295/6655/1029/7188/3690",124
"Environmental Information Processing","Signal transduction","hsa04015","Rap1 signaling pathway","117/3293","212/8546",0.55188679245283,1.4322576763747,5.04582396904203,4.83469156426066e-07,1.20176618883051e-05,7.52467032933801e-06,"4233/810/5880/7408/56288/1969/5154/64411/5228/56034/5603/5909/2771/5587/4254/8503/5331/25865/84552/3643/5217/60/71/7057/10000/2776/7424/1902/1499/1946/1950/136/57121/5908/3688/1956/2263/5216/109/5028/7094/6714/4804/107/5899/7423/10411/2250/1399/2773/6237/2533/1435/5898/9564/3479/805/7074/387/113/1945/5594/50855/2324/51196/5604/1432/5159/7410/1942/998/5879/260425/2902/2246/9855/5155/5332/1398/2770/1944/135/51735/2149/196883/9732/23094/51466/5291/5600/4301/163688/10451/5900/7422/11069/5290/5584/9223/23683/3683/5608/22808/7010/91860/3480/2264/1943/5881/26037/1436/23236/5330/5295/26291/4803/3690",117
"Environmental Information Processing","Signal transduction","hsa04010","MAPK signaling pathway","157/3293","300/8546",0.523333333333333,1.35815568377366,4.99987340416469,5.53702457035246e-07,1.28458970032177e-05,8.04325674430147e-06,"4233/5058/5880/408/7048/5567/1969/5154/5228/7039/4137/2316/355/56034/3481/5603/4254/7042/3643/5924/2065/1846/374/1849/10000/5530/7424/1946/7040/1950/3552/2122/1847/9479/5908/1956/4909/2263/55970/5971/3553/9254/7132/776/4804/51776/8717/4293/6885/2069/22800/7423/5062/2250/1647/255189/1399/5601/3556/6237/5321/1435/1844/1850/782/3479/4791/3164/8912/6788/9048/1848/1945/5594/27092/11184/2324/6789/6195/2005/2323/409/4616/5602/5604/8986/1432/5159/1942/998/23542/5879/2246/1852/5155/27330/8491/7124/4790/7157/1398/7046/9448/783/1147/1944/781/8649/51295/627/836/2768/10912/3554/5623/6722/5600/4615/5921/5801/5534/7422/5922/7189/80824/6654/7867/55799/5535/23118/123745/5536/5608/7043/3727/22808/7010/9175/3480/10125/2264/5871/1943/5881/283748/6197/1436/1845/3305/4763/8605/929/8911/6655/26291/4803/11221",157
"Cellular Processes","Cellular community - eukaryotes","hsa04530","Tight junction","97/3293","170/8546",0.570588235294118,1.48079169718297,5.01315674788265,6.03274127672762e-07,1.31212122768826e-05,8.21564108080669e-06,"154810/87/51421/861/5567/7408/56288/4478/4627/10109/9076/81/84952/84552/60/71/27134/11346/7430/10097/113457/103910/1741/10095/23370/79784/10627/3993/3688/1365/4734/776/6714/1739/5601/8531/8189/10398/5516/3059/7074/6093/57180/387/9368/24146/150084/112714/912/50855/1740/5010/51422/5564/50848/5602/2017/9414/998/5879/10094/7846/5521/11149/51735/54566/9181/23513/57826/9073/1364/4301/100506658/79778/93643/10096/153562/9475/4637/57530/5584/9223/5581/79861/5522/92359/91862/10093/9080/10686/84790/5565/137075/154796/4629/7454/51807",97
"Environmental Information Processing","Signal transduction","hsa04064","NF-kappa B signaling pathway","65/3293","105/8546",0.619047619047619,1.60655358408167,4.95125245977947,9.26905253218335e-07,1.79591507588368e-05,1.12448403117944e-05,"29775/6850/10848/7128/1896/23586/958/3383/79092/128178/84433/5971/3553/5328/1459/7132/3576/5588/8717/6885/23085/1647/2920/8915/7099/2921/4791/2919/7185/330/8737/597/4616/257397/5743/142/7124/4790/114609/1147/148022/10912/3554/598/1457/329/4615/8792/4055/23643/7189/5336/1540/23118/7706/7535/4067/10673/283106/60401/55367/929/10913/29760/7188",65
"Human Diseases","Infectious disease: parasitic","hsa05146","Amoebiasis","64/3293","103/8546",0.621359223300971,1.61255266393261,4.95178578881425,9.28921590974317e-07,1.79591507588368e-05,1.12448403117944e-05,"87/1284/3918/2335/5567/81/8503/5331/3912/7042/3909/1282/2769/2776/7040/3914/1288/3553/3576/107/5275/2920/7099/2921/2774/1437/2919/284217/10319/7879/912/6317/5272/3908/3911/383/7414/3910/3569/5868/5332/7097/7124/4790/5747/9630/836/3554/5291/1277/5290/6318/7850/7043/1285/23236/3915/5330/929/5295/1278/1286/384/733",64
"Human Diseases","Infectious disease: bacterial","hsa05100","Bacterial invasion of epithelial cells","51/3293","78/8546",0.653846153846154,1.69686280922236,4.8949962393773,1.30574007935822e-06,2.39156604008768e-05,1.49744153145236e-05,"4233/857/26084/858/2335/10109/5829/8503/10801/60/71/10097/10095/1499/55964/3688/3678/1212/6464/391/1213/6714/1399/9564/3059/57180/387/2549/2017/998/5879/7414/10094/867/1398/5747/399694/23176/5291/10096/8976/5290/1496/8218/10093/3611/23157/26052/124404/1731/5295",51
"Environmental Information Processing","Signal transduction","hsa04668","TNF signaling pathway","71/3293","119/8546",0.596638655462185,1.54839779823256,4.76958820488306,2.14072676940605e-06,3.54957806095712e-05,2.22251257900219e-05,"4323/148327/355/5603/7128/8503/3659/3976/3383/1906/10000/153090/7424/1388/182/6376/3553/6868/7132/197259/8717/9021/6885/843/5601/1435/10488/83737/2920/79651/3726/6374/2921/1437/11035/6372/2919/6364/7185/5594/330/9586/8737/5602/5604/8986/1432/257397/5743/8809/3569/7124/4790/1147/4318/836/329/1051/5291/5600/83786/5290/1540/64764/23118/5608/90993/3600/602/5295/7188",71
"Cellular Processes","Cell motility","hsa04810","Regulation of actin cytoskeleton","124/3293","232/8546",0.53448275862069,1.3870906939485,4.73260122069806,2.1419867609224e-06,3.54957806095712e-05,2.22251257900219e-05,"87/3675/5058/3696/3691/5880/2335/5154/7114/624/4478/4627/10109/56924/106821730/56034/81/3673/3693/5829/8503/2934/5217/8826/9138/51571/60/71/3694/2245/3655/7430/10097/10000/103910/10095/1902/1950/79784/10627/57121/3688/1956/3678/2263/55970/5216/6714/8874/221178/10298/22800/5062/2250/1399/3676/6237/54434/10398/79837/9564/7074/6093/3985/57180/387/54961/26999/5594/3672/10788/54776/5604/5159/7410/998/5879/7414/2246/10094/5155/1398/5747/1131/623/2149/28984/2768/28964/3685/5291/5499/1128/10672/10152/10096/9475/10451/8976/10787/5290/6654/6548/3683/50649/1072/10093/4660/22808/22801/1730/3681/3695/2264/89846/5881/81624/4636/5295/4629/6655/26291/3690/733",124
"Human Diseases","Cancer: specific types","hsa05212","Pancreatic cancer","49/3293","77/8546",0.636363636363636,1.65149214587417,4.54659928222302,6.64770166722642e-06,9.90952535340256e-05,6.2046937330742e-05,"4088/5880/7048/3716/7039/1021/8503/7042/5925/10000/7040/1950/1956/5337/10928/5899/1647/5601/5898/578/5594/581/4616/5602/5604/998/5879/4790/7157/7046/1147/1643/1026/4087/10912/598/572/5291/1870/1869/4089/5900/7422/5290/7043/5338/5881/5295/1029",49
"Environmental Information Processing","Signaling molecules and interaction","hsa04512","ECM-receptor interaction","55/3293","89/8546",0.617977528089888,1.60377648194843,4.53326627155068,6.8104122426917e-06,9.90952535340256e-05,6.2046937330742e-05,"1284/3675/3918/3696/3691/2335/6382/6385/3673/3693/3912/7058/7057/3694/3655/3909/1282/3914/960/3339/1288/3688/3678/375790/1291/3676/3371/284217/961/1299/10319/3672/9900/3908/3911/3910/7450/22987/1292/3685/2811/1298/1277/22801/3695/5649/3161/1285/255743/3915/1278/51206/1286/3690/6696",55
"Human Diseases","Cancer: specific types","hsa05210","Colorectal cancer","54/3293","87/8546",0.620689655172414,1.61081499942407,4.53375456150355,6.8341554161397e-06,9.90952535340256e-05,6.2046937330742e-05,"4088/5880/7048/7039/8503/7042/374/83439/10000/1499/7040/1950/1956/8313/6932/5899/2069/1647/5601/5898/387/578/10018/5594/581/5366/4616/5602/5604/5879/7157/7046/4436/1643/836/1026/4087/10912/572/5291/4089/5900/54205/5290/6654/8312/2932/7043/6934/5881/4437/2956/5295/6655",54
"Human Diseases","Infectious disease: bacterial","hsa05133","Pertussis","49/3293","78/8546",0.628205128205128,1.63031916964501,4.42757157389819,1.12328545182047e-05,0.000150812180712136,9.44286793932609e-05,"810/5603/2771/3659/3552/3688/3678/834/729238/3553/3576/718/2773/5601/7099/805/6374/387/6372/5594/710/5602/1432/114548/3569/7124/4790/114609/2770/29108/836/148022/5600/4615/163688/23643/717/7189/3661/51561/1072/10392/91860/653509/716/929/720/110384692/721",49
"Cellular Processes","Transport and catabolism","hsa04148","Efferocytosis","87/3293","157/8546",0.554140127388535,1.43810553557923,4.3865356989412,1.12675767198722e-05,0.000150812180712136,9.44286793932609e-05,"140885/2621/5603/3693/6513/5029/19/1846/7057/1849/8877/5468/161291/7040/3988/338440/1847/64284/10396/834/51454/6376/6868/121601/55754/4240/24145/6446/3091/1399/1901/1844/1850/9564/558/488/961/29933/10461/5594/8754/7879/6566/4035/196527/5604/10326/8398/1432/682/5743/5879/383/102/5868/1398/5747/5734/1374/8578/836/246/3685/50636/1051/5627/5600/7386/126129/80824/2057/5467/177/4776/23659/487/286410/54896/1788/5031/23166/489/4773/89790/3690/384/1375",87
"Human Diseases","Cancer: specific types","hsa05222","Small cell lung cancer","56/3293","93/8546",0.602150537634409,1.56270224555835,4.31979250448029,1.71279691242464e-05,0.000220760490934732,0.000138225715739533,"1284/3675/3918/2335/1021/3673/8503/3912/5925/3655/3909/10000/1282/1030/3914/1288/3688/317/1647/578/284217/7185/10319/330/581/4616/1027/3908/3911/5743/3910/4790/7157/5747/1147/1643/836/1026/3685/10912/598/329/5291/1870/1869/5915/7189/54205/5290/1285/1163/3915/5295/1286/7188/9134",56
"Metabolism","Lipid metabolism","hsa00600","Sphingolipid metabolism","36/3293","54/8546",0.666666666666667,1.73013462901103,4.26130905002407,2.50796130864952e-05,0.000307418266253668,0.000192485121338504,"2531/7368/8611/7357/9517/8877/2760/10715/8612/253782/55331/10558/204219/166929/6609/410/8879/8560/91012/64781/79603/2720/29956/2583/57704/55512/129807/8613/2581/125981/55304/9331/5660/3073/6610/56624",36
"Human Diseases","Infectious disease: bacterial","hsa05135","Yersinia infection","77/3293","138/8546",0.557971014492754,1.4480474612375,4.20112313598325,2.56181888544723e-05,0.000307418266253668,0.000192485121338504,"64283/5880/2335/10109/5585/5603/5829/8503/9138/60/71/10097/10000/2776/10095/3606/3688/3678/834/3553/3576/391/6714/8874/6885/1399/3676/5601/2533/9564/7099/6093/57180/387/5594/6195/5602/5604/1432/7410/114548/998/5879/3569/10094/27330/7124/4790/1398/5747/1147/29108/148022/29110/5291/5600/4615/10096/9475/10451/8976/7189/382/5290/3661/23118/10093/2932/5608/5881/7535/6197/925/7456/4773/5295/7454",77
"Human Diseases","Cardiovascular disease","hsa05412","Arrhythmogenic right ventricular cardiomyopathy","52/3293","86/8546",0.604651162790698,1.56919187282396,4.20020930764462,2.89153689173872e-05,0.000335418279441692,0.000210016890031549,"3675/3696/3691/5318/4000/3673/3693/60/71/3694/1756/83439/3655/6262/1499/3688/3728/4842/1832/3678/6546/6640/8910/9254/6932/776/3676/2697/782/1829/488/284217/8082/3672/27092/3908/783/781/1000/3685/1837/1824/1496/55799/6934/6645/22801/3695/487/6443/489/3690",52
"Organismal Systems","Endocrine system","hsa04926","Relaxin signaling pathway","73/3293","130/8546",0.561538461538462,1.45730570674391,4.15981131819603,3.08546208265651e-05,0.000346368001536924,0.000216872886624753,"1284/408/7048/5567/148327/5603/2771/8503/5331/4313/1906/10000/1282/2769/7424/7040/1388/1288/4842/1956/6464/55970/4312/2791/109/6714/107/7423/2773/5601/10488/113/5594/10681/9586/2788/409/5602/5604/1432/2787/59/5332/4790/2770/7046/399694/196883/4318/4087/2784/54331/5291/5600/1277/7422/5290/51764/2786/6654/64764/90993/2790/1285/4322/3640/23236/5330/5295/1278/6655/1286/4846",73
"Organismal Systems","Immune system","hsa04611","Platelet activation","71/3293","126/8546",0.563492063492063,1.46237569833075,4.13973389758369,3.37714460393728e-05,0.000367264475678179,0.000229956885860203,"2982/6850/5567/7408/5603/2771/2983/3673/8503/5331/5742/9138/60/71/10000/103910/2776/10627/5908/3688/109/5028/7094/2534/6714/107/255189/2773/3710/5321/6093/387/113/5594/1432/23533/5332/2770/7450/8673/2149/196883/3709/5291/2811/5600/5499/10672/3708/6916/9475/1277/8773/5336/5290/5584/123745/5593/10125/6786/283748/4067/11093/23236/8605/5330/5295/1278/51206/3690/4846",71
"Human Diseases","Cardiovascular disease","hsa05410","Hypertrophic cardiomyopathy","58/3293","99/8546",0.585858585858586,1.52042134064606,4.12353462671273,3.82934994564615e-05,0.000403822357904503,0.000252847029903908,"3675/7169/3696/3691/4000/3673/3693/7171/7042/60/71/3694/1756/1906/3655/6262/7040/3688/4842/3678/6546/6640/8910/9254/776/3676/782/3479/488/183/284217/8082/3672/27092/51422/5564/7170/3908/3569/7124/783/781/3685/1837/55799/7139/7043/6645/22801/3695/7134/487/6443/5565/7137/489/1636/3690",58
"Environmental Information Processing","Signal transduction","hsa04151","PI3K-Akt signaling pathway","175/3293","362/8546",0.483425414364641,1.25458657490441,3.9188186993751,6.60151573858366e-05,0.000675684552066799,0.00042306927488756,"1284/3675/3918/4233/6850/3696/3691/3566/2335/1969/5154/3716/5228/7039/148327/1021/5585/56034/3481/3673/3693/4254/8503/3667/3912/7058/3643/2065/7057/3694/374/3655/3909/10000/1282/7424/1902/1946/9180/3914/1950/1388/57121/1288/3688/1956/4909/3678/2690/2263/55970/3570/2791/7534/1291/3575/4804/6446/894/118788/2069/7423/2250/10161/64223/3676/3371/5516/1435/10488/7533/3479/7099/3164/5523/9048/284217/117145/1945/1299/10018/5594/10319/10681/3672/7249/2324/9586/2323/2788/5604/1027/5159/1942/23533/3908/23678/3911/4170/2787/5879/10971/2246/3910/3569/5155/7184/7097/4790/7157/3455/5521/7450/5747/1147/1944/2149/9623/1292/7529/627/1026/5618/3685/7532/1440/598/572/2784/5623/54331/5291/1128/1298/10110/11140/1277/7422/5290/2997/51764/2786/54541/2057/6654/9223/64764/3560/5522/2932/90993/2790/7010/22801/3480/3718/3695/2264/1943/5649/1285/896/1436/3915/5295/1278/6655/3574/26291/4803/1286/3690/4846/9134/6696",175
"Human Diseases","Cardiovascular disease","hsa05418","Fluid shear stress and atherosclerosis","77/3293","141/8546",0.546099290780142,1.41723794078563,3.95523861639837,6.91792344566903e-05,0.00068458032790408,0.000428639225275695,"857/810/858/5880/2817/5154/5327/6382/119391/6385/5603/2950/8503/60/71/3383/4313/1906/9446/10000/1499/3552/658/1535/3553/7132/6714/7056/6885/5601/90/805/2946/387/2948/4688/59341/652/5602/1432/5879/4259/5155/7184/7124/4790/7157/5747/1147/4780/2947/9181/4318/7295/3685/3554/445/4258/5291/5600/163688/2938/2939/7422/5290/6383/2944/1728/7850/5608/91860/9817/5881/5295/10365/3690/4846",77
"Human Diseases","Infectious disease: viral","hsa05167","Kaposi sarcoma-associated herpesvirus infection","102/3293","196/8546",0.520408163265306,1.350564276728,3.93097837654467,7.08186546107669e-05,0.00068458032790408,0.000428639225275695,"6850/810/3716/1021/355/5603/3105/8503/5925/3133/83439/3383/10000/5530/1499/3107/55970/2791/7098/6932/7132/5610/3576/6714/3134/100507436/8717/3091/718/5601/3710/81631/2920/805/2921/1437/5289/3135/2919/578/57580/5594/10681/581/2788/5602/5604/3106/4277/1432/7538/23533/3572/5743/2787/5879/3569/5155/4790/7157/3459/3455/1147/637/836/1026/148022/3709/2784/29110/54331/5291/1870/5600/5534/163688/3708/1869/7422/54205/5336/5290/51764/2786/9976/3661/942/7316/5535/7314/84557/1827/10379/2932/5608/2790/4776/6934/91860/4067/4773/5295",102
"Cellular Processes","Cell growth and death","hsa04210","Apoptosis","75/3293","137/8546",0.547445255474453,1.42073099097621,3.93043672494763,7.67795635073543e-05,0.000715743396555135,0.000448151491490965,"1075/355/4000/8503/824/60/71/823/10000/153090/113457/1508/1512/1677/317/7132/8717/6709/843/1647/1522/839/5601/3710/8722/578/10018/7185/5594/112714/330/581/5366/63970/8737/597/4616/5602/5604/1520/5783/4170/9131/142/7124/1509/4790/7157/7846/8797/1147/8795/637/836/8743/10912/598/3709/572/329/5291/3708/54205/5290/79861/84823/2021/1515/84790/4001/5414/55367/5295/4803/51807",75
"Environmental Information Processing","Signal transduction","hsa04071","Sphingolipid signaling pathway","68/3293","122/8546",0.557377049180328,1.44650600130431,3.93274905315322,7.81558881295837e-05,0.000715743396555135,0.000448151491490965,"5880/624/5603/2771/8503/5331/9517/8877/10000/2776/10715/5337/253782/53637/7132/2534/8717/2773/10558/5601/5516/1901/204219/166929/6093/387/5523/6609/5594/581/8879/8560/5602/5604/1432/1903/5879/165679/91012/5332/7124/1509/4790/7157/2770/5521/637/79603/2768/29956/5291/5600/10672/9475/5290/5581/5522/125981/5338/5881/55304/6610/23236/5330/5295/134/4846/56624",68
"Metabolism","Lipid metabolism","hsa00564","Glycerophospholipid metabolism","59/3293","103/8546",0.572815533980582,1.48657198706288,3.93337649583404,8.11648189073317e-05,0.000720310844633181,0.000451011327401901,"54947/56994/8611/1606/23761/56261/1119/5337/8612/3931/55224/9468/10555/8760/255189/1607/5321/56895/166929/51365/160851/5320/8525/23171/5130/254531/8398/84513/11145/151056/8443/8527/9926/5322/55500/162466/375775/1609/154141/9489/81490/129642/8613/150763/128966744/1120/1608/123745/11313/23659/5338/2819/283748/55326/64850/8605/57678/142891/84803",59
"Human Diseases","Cancer: specific types","hsa05225","Hepatocellular carcinoma","90/3293","170/8546",0.529411764705882,1.37393044068523,3.89892737945204,8.2794349957837e-05,0.000720310844633181,0.000451011327401901,"4233/4088/7048/7039/1021/119391/7476/3481/2950/8503/7042/5925/60/71/7480/83439/8322/9446/10000/1499/7040/1956/8313/6464/6932/6602/1647/2946/81029/2948/578/6599/7015/23401/5594/581/2549/4616/11211/5604/7477/4259/196528/8326/7157/7473/7046/7474/399694/4780/2947/8323/1643/29117/1026/4087/10912/598/572/4258/5291/1870/1869/7479/4089/8321/2938/2939/5336/6595/10023/5290/10587/2944/6654/8312/2932/1728/7043/7855/6934/3480/6604/9817/8324/8325/5295/8193/6655/1029",90
"Environmental Information Processing","Signaling molecules and interaction","hsa04514","Cell adhesion molecules","85/3293","160/8546",0.53125,1.37870103249317,3.82848764546173,0.000110214943661703,0.000935482936445675,0.000585737954761811,"3696/6382/6385/9076/3105/57502/84189/958/3133/3383/3655/3897/3107/1272/5819/1002/5817/1462/3688/1365/1001/83692/5818/4756/4897/80380/3134/22871/3676/3135/23705/2734/24146/3112/5010/3385/50848/5802/3106/3384/8506/22829/3115/29126/9369/3109/4359/965/1000/3685/9378/6404/9073/1364/100506658/1013/9672/4685/64115/6383/257194/942/23114/3683/3123/64101/3108/5789/3695/3119/9080/10686/933/925/23308/102723996/22865/137075/79679/3111/54413/26047/10666/6900/90952",85
"Human Diseases","Cancer: specific types","hsa05217","Basal cell carcinoma","39/3293","63/8546",0.619047619047619,1.60655358408167,3.82571763608825,0.000138808711862326,0.00115012932685927,0.000720135422443647,"7476/7480/83439/8322/1499/8313/8643/6932/1647/650/81029/578/581/652/4616/11211/7477/51684/8326/7157/7473/7474/8323/1643/5727/1026/10912/7479/64399/8321/8312/2932/7855/6934/374654/8324/8325/2735/6608",39
"Cellular Processes","Cell growth and death","hsa04115","p53 signaling pathway","44/3293","75/8546",0.586666666666667,1.52251847352971,3.59843066240309,0.000308169201062921,0.00249402051092783,0.00156159178996389,"2810/3732/5268/1021/355/10848/64065/9540/7057/25946/5054/317/84883/894/1647/3479/983/7161/143686/7249/581/5366/63970/4616/900/25898/8493/7157/8797/8795/1643/637/836/1026/10912/598/64393/27244/54205/4194/896/55367/1029/9134",44
"Environmental Information Processing","Signal transduction","hsa04068","FoxO signaling pathway","71/3293","133/8546",0.533834586466165,1.38540855631335,3.54666301875243,0.00032608052266126,0.00257900049741178,0.00161480067442299,"4088/7048/5603/9454/8503/3667/7042/3643/8660/10000/1030/1263/7040/1950/1956/26260/2308/10769/3575/6446/894/604/1647/5601/1901/3479/10018/5594/6789/1454/51422/5564/5896/4616/5602/5604/1432/1027/100132074/23678/3569/7046/1147/11337/114907/1026/9455/8743/10912/2290/5291/5600/80854/10110/4089/11067/5290/6654/664/4303/7043/3480/85417/5565/1032/847/6517/5295/6655/10365/116986",71
"Organismal Systems","Immune system","hsa04670","Leukocyte transendothelial migration","63/3293","116/8546",0.543103448275862,1.40946312449606,3.51542795432649,0.000375121165694935,0.0029009370147075,0.00181637617073337,"87/5880/7408/4478/9076/5603/2771/81/5829/8503/60/71/3383/4313/7430/103910/1499/10627/5908/3688/1365/1535/83692/10411/2773/3676/10398/9564/6093/387/24146/4688/5010/50848/1432/7410/998/5879/7414/2770/5747/4318/9073/5291/1364/5600/4301/7070/100506658/9475/10451/11069/5336/5290/1496/3683/9080/10686/4636/137075/5295/394/90952",63
"Organismal Systems","Sensory system","hsa04750","Inflammatory mediator regulation of TRP channels","55/3293","99/8546",0.555555555555556,1.44177885750919,3.5004145180274,0.000409473834845288,0.00302758340440082,0.00189567381945242,"810/5567/624/5603/8503/5331/3269/5029/2776/3553/109/6714/5588/107/255189/5601/3710/3556/5321/3479/805/113/59341/5602/1573/8398/1432/3358/5332/623/196883/5734/3554/3709/162514/5291/5600/5499/163688/3708/5580/5336/5290/5581/51393/123745/5608/91860/283748/79054/23236/8605/5330/5295/4803",55
"Human Diseases","Cancer: overview","hsa05231","Choline metabolism in cancer","55/3293","99/8546",0.555555555555556,1.44177885750919,3.5004145180274,0.000409473834845288,0.00302758340440082,0.00189567381945242,"5880/5154/56034/56994/8611/8503/1606/10000/56261/80736/1950/1119/1956/5337/8612/9468/3091/10810/255189/1607/5601/5321/5594/7249/160851/8525/5602/5130/5604/5159/5879/5155/8527/204962/5291/1609/5900/23446/8613/5290/6654/1120/1608/123745/6583/126969/5338/5881/283748/6581/6584/8605/5295/6655/7454",55
"Human Diseases","Infectious disease: parasitic","hsa05145","Toxoplasmosis","61/3293","112/8546",0.544642857142857,1.41345820137955,3.48716118933951,0.000417597710951838,0.00302758340440082,0.00189567381945242,"3918/3716/5603/2771/3912/7042/958/3655/3909/10000/7040/3914/3688/7132/6885/2773/3949/5601/7099/3460/284217/5594/10319/330/3112/5602/1432/3588/23533/3908/3911/3910/3115/7097/7124/4790/3459/2770/1147/3109/836/598/572/329/5600/4615/23643/7189/54205/4793/10105/8651/23118/3123/5608/7043/3108/3119/3305/3111/3915",61
"Environmental Information Processing","Signal transduction","hsa04310","Wnt signaling pathway","89/3293","174/8546",0.511494252873563,1.32743087915502,3.45483926640506,0.00042821039961977,0.0030411677360751,0.00190417943547352,"8061/4088/5880/5567/4163/7476/5331/7480/83439/8322/144165/5176/5530/1499/25805/22943/64840/6422/55366/8313/6907/6932/6259/1459/56998/4007/894/6885/4920/5601/7090/8945/81029/387/1488/23401/57216/79816/164284/1454/11211/5602/23291/54894/5879/7477/8326/5332/85409/7157/7473/7474/8323/7089/7088/1501/85407/166336/1457/7091/27130/440193/5534/7479/84445/4089/8321/9475/4316/81839/27123/10023/8312/5467/5535/2932/4776/7855/6934/4919/5881/147495/896/8324/8325/283106/23236/4773/5330",89
"Human Diseases","Infectious disease: viral","hsa05169","Epstein-Barr virus infection","102/3293","204/8546",0.5,1.29760097175828,3.40614031332394,0.000493326311713521,0.0034335511295261,0.00214986413736208,"6850/3716/1021/355/5603/3105/7128/8503/956/23586/5925/7431/958/3133/6891/3383/10000/4794/3107/960/4734/317/5971/5610/3134/8717/894/6885/1647/8900/5601/4940/4939/4791/6890/3135/578/10018/581/3112/5708/8737/4616/6892/5602/3106/1432/1027/5879/3569/3115/7097/7124/4790/7157/3516/3455/1147/3109/1643/567/637/836/1026/965/10912/1380/29110/5291/1870/5600/4615/11047/1869/2923/7189/54205/5336/10213/5290/4793/3661/3683/9636/4938/23118/10379/3123/5608/953/3108/864/3718/3119/896/4067/3111/5295/29760/3280/7188/9134",102
"Human Diseases","Cancer: overview","hsa05202","Transcriptional misregulation in cancer","99/3293","198/8546",0.5,1.29760097175828,3.35447004781066,0.000592849677188055,0.00403280223182915,0.00252507580758812,"4233/861/7048/5154/2118/5327/3205/2119/5371/1050/7113/85414/958/8091/5468/860/4298/7403/64919/6760/3728/7849/8938/7704/5328/3576/2308/3398/7490/4804/894/604/1647/8900/2313/6495/3479/2115/1437/5090/578/1848/55589/7185/79058/330/581/2005/597/4616/9915/1027/26039/64332/4094/3569/4790/7157/5747/1031/3020/2530/1643/2120/4291/5914/4318/84444/1026/6935/3248/10912/598/329/1051/3021/7102/7030/8464/3207/942/3560/54738/7850/6692/2078/3480/3695/6929/440093/333932/126961/5966/171558/1436/51513/929/51274/4286",99
"Human Diseases","Cancer: specific types","hsa05215","Prostate cancer","54/3293","98/8546",0.551020408163265,1.43000923418259,3.38970626168083,0.000602602632342286,0.00403280223182915,0.00252507580758812,"4824/367/5154/7039/5327/148327/56034/2950/2119/8503/7113/5925/83439/10000/1499/1950/1956/2263/6932/5328/2308/10488/3479/5594/9586/5604/1027/5159/5155/7184/4790/7157/1147/4318/1026/6935/572/5291/1870/1869/5290/6654/64764/2932/7850/354/90993/6692/6934/2078/3480/5295/6655/9134",54
"Human Diseases","Cancer: specific types","hsa05220","Chronic myeloid leukemia","44/3293","77/8546",0.571428571428571,1.48297253915231,3.37054347277958,0.000678840490367362,0.00445729227637438,0.0027908635850257,"861/4088/7048/1021/8503/7042/5925/10000/7040/2122/6464/1647/1399/613/1488/578/5594/581/4616/5604/1027/867/4790/7157/1398/7046/399694/1147/1643/1026/10912/598/572/5291/1870/1869/4089/5290/6654/7043/25/5295/6655/1029",44
"Human Diseases","Cardiovascular disease","hsa05414","Dilated cardiomyopathy","57/3293","105/8546",0.542857142857143,1.4088239121947,3.33719963741588,0.000709805152112201,0.00457429986916752,0.00286412605238257,"3675/7169/3696/3691/5567/4000/3673/3693/7171/7042/60/71/3694/1756/3655/6262/7040/3688/4842/3678/6546/6640/8910/9254/109/776/107/3676/782/3479/488/183/284217/113/8082/3672/27092/7170/3908/7124/783/781/196883/3685/1837/55799/7139/7043/6645/22801/3695/7134/487/6443/7137/489/3690",57
"Cellular Processes","Transport and catabolism","hsa04145","Phagosome","81/3293","159/8546",0.509433962264151,1.32208400896126,3.24573158942927,0.000889571859190104,0.00562856376360284,0.00352423683927946,"3916/155066/3105/3673/3693/7058/11151/1781/9902/60/71/7057/3133/6891/84617/113457/3107/3688/4842/1535/3678/729238/10333/64581/3134/821/718/22925/4074/10381/7099/10312/6890/5289/3135/4688/112714/9341/7879/3112/90423/3106/1520/5879/10382/3115/5868/7097/7846/523/3109/9146/81035/3685/7280/347733/8417/9296/1783/79861/3123/83547/3108/949/8411/533/3119/84790/527/653509/79659/260334/124908013/124908015/124908041/51382/3111/245973/929/3690/51807",81
"Cellular Processes","Cell growth and death","hsa04218","Cellular senescence","80/3293","157/8546",0.509554140127389,1.3223958947855,3.22799185771286,0.000945571369281325,0.00587605065196252,0.00367919686919613,"678/810/4088/7048/2113/1021/5603/3105/8503/7042/824/5925/3133/823/10000/5530/1030/10758/5054/7040/3107/3552/3576/776/90550/2308/3134/894/677/22800/1647/8900/3710/6237/805/8945/983/3135/5594/7249/59341/4616/23291/5604/3106/1432/291/3569/4790/7157/1874/7046/5928/1026/4087/10912/3709/5291/1870/5600/5499/5534/163688/3708/1869/5290/5535/5608/7043/4776/22808/91860/286826/85417/896/2305/4773/5295/1029/9134",80
"Human Diseases","Cardiovascular disease","hsa05415","Diabetic cardiomyopathy","101/3293","205/8546",0.492682926829268,1.27861168924474,3.19679952378496,0.0010017519413929,0.00606823811549968,0.00379953203239091,"4088/5880/7048/25874/5603/8503/3667/5331/6513/4710/7042/3643/4313/6262/10000/7040/1535/2597/5601/4716/2936/1537/488/183/5165/5162/170712/4688/506/7388/51660/4720/5602/27089/1350/1432/4701/291/5879/4706/2539/4707/5332/142/1509/4790/7046/4698/4723/4695/1349/1345/4697/5524/4318/1329/4731/9945/4087/7385/4694/1376/4714/5291/5600/5499/6389/4696/7386/1277/5164/5580/5290/2997/440567/515/10105/177/1340/2932/4722/522/7043/9377/125965/54539/4718/487/5465/7137/4725/489/23236/5330/6517/4702/5295/1636/1278/4846/1375",101
"Metabolism","Lipid metabolism","hsa00100","Steroid biosynthesis","15/3293","20/8546",0.75,1.94640145763741,3.3547945798046,0.00101137301924995,0.00606823811549968,0.00379953203239091,"6713/1594/6307/3988/1595/7108/1591/2222/4047/1717/50814/6309/10682/1056/120227",15
"Cellular Processes","Transport and catabolism","hsa04144","Endocytosis","121/3293","252/8546",0.48015873015873,1.24610886970438,3.1397402408744,0.00117008523106495,0.00679983638801898,0.00425761080556543,"857/858/4088/408/7048/56288/64411/10938/10109/3105/5371/3800/30846/9525/84552/11031/30844/3133/23624/10097/6011/10095/3107/55737/23111/51100/4734/1956/50807/5337/1212/57154/2263/58533/51652/2869/1213/6714/3134/116984/56904/274/3949/2352/83737/64750/57180/387/30011/3135/29082/7879/50855/26056/51028/8853/409/116985/5119/3106/55040/998/8723/64744/10094/27131/5868/6643/867/89853/9922/7046/84440/9146/23550/57403/5662/28964/4087/9559/9897/10617/58513/138429/832/57132/79720/5867/27243/156/10096/8976/1601/7189/382/84364/116983/6456/55680/128866/5584/8218/3560/10093/92421/414189/9765/8411/3579/3480/26052/5338/2264/729092/868/23096/119016/3305/7456/23325/116986",121
"Human Diseases","Cancer: specific types","hsa05211","Renal cell carcinoma","40/3293","70/8546",0.571428571428571,1.48297253915231,3.21235980278836,0.0011723855841412,0.00679983638801898,0.00425761080556543,"4233/5058/2034/2113/7039/56924/106821730/8503/6513/7042/10000/7040/112398/5908/10298/3091/5062/112399/1399/5594/2549/9915/5604/998/5879/5155/1398/1026/2271/572/5291/201163/7422/7030/54583/5290/6654/7043/5295/6655",40
"Environmental Information Processing","Signal transduction","hsa04072","Phospholipase D signaling pathway","76/3293","149/8546",0.51006711409396,1.32372716582052,3.1561555651048,0.00120731661800178,0.00688764234532162,0.00431258912728849,"6850/5154/56034/8611/4254/8503/5331/3643/1606/5737/8877/10000/1902/1950/57121/1956/5337/6464/8612/109/2534/3576/107/5899/10555/22800/10411/10161/255189/1607/6237/5321/5898/56895/387/183/113/5594/7249/160851/8525/2549/5604/5159/23533/5155/5332/399694/2149/196883/8527/2768/5291/10672/1609/5900/11069/5336/382/8613/5290/6654/1608/123745/22808/2912/3579/26052/5338/283748/55326/23236/8605/5330/5295/6655",76
"Human Diseases","Infectious disease: viral","hsa05170","Human immunodeficiency virus 1 infection","104/3293","213/8546",0.488262910798122,1.26714085505033,3.12591828576963,0.00125502462218918,0.00704433175035218,0.00441069773842378,"810/5058/5880/340061/27350/56924/106821730/355/5603/3105/60489/2771/5829/8503/3133/6891/10000/5530/2776/3107/115004/55970/2791/7132/3134/8717/10298/6885/5062/1399/2773/5601/3710/1642/7099/805/8945/162/3985/6890/983/3135/578/5594/10681/581/8737/2788/6892/5602/23291/5604/3106/1432/25939/2787/5879/7097/7124/4790/1398/2770/5747/1147/567/995/637/836/598/3709/572/2784/29110/54331/5291/130340/5600/4615/5534/163688/3708/2923/7189/54205/5336/5290/51764/2786/3661/5535/23118/1072/85363/5608/2790/4776/91860/5881/85417/684/4773/5295/9582/7188",104
"Human Diseases","Infectious disease: viral","hsa05166","Human T-cell leukemia virus 1 infection","108/3293","224/8546",0.482142857142857,1.25125807990977,3.01702138512722,0.00176274236996959,0.00973705309126058,0.0060967029337294,"8061/4088/7048/5567/3716/2113/148327/3105/8503/6513/2114/7042/5925/958/3133/3383/10000/5530/1030/7040/3107/8881/1388/2224/5971/109/7094/7132/3134/107/894/821/8900/1739/5601/10488/4791/1437/706/8829/3135/2648/113/7015/5594/581/3112/9586/2005/5602/5604/3106/7538/291/3569/3115/7124/4790/7157/7046/1031/1147/3109/196883/55697/567/51433/1026/4487/4087/3554/598/5291/1870/6722/5534/1869/4089/4055/4316/5290/29882/5535/64764/3683/3560/3123/7850/90993/7043/3600/3108/4776/9519/10393/3718/3119/6929/8379/896/4488/1958/3111/4773/5295/1029/2874/9134",108
"Organismal Systems","Endocrine system","hsa04928","Parathyroid hormone synthesis, secretion and action","60/3293","115/8546",0.521739130434783,1.35401840531298,3.02610097491639,0.00191163162920286,0.0103944969837906,0.00650835110600317,"4323/408/5567/27347/148327/1594/2771/9935/5331/9138/2776/860/65267/1388/1956/5337/2625/65268/109/5744/7421/107/6446/4324/65266/1839/1591/2773/3710/10488/142680/387/113/9368/9943/5594/4326/9586/409/5604/5332/2770/196883/1026/2768/9826/4325/3709/10672/3708/5745/64764/90993/3727/5338/10893/1958/4322/23236/5330",60
"Metabolism","Lipid metabolism","hsa00561","Glycerolipid metabolism","37/3293","65/8546",0.569230769230769,1.47726879861711,3.05804863802518,0.0019449649850037,0.0104130433043275,0.00651996359345369,"501/9388/8611/231/1606/26007/8612/84649/11343/10555/1607/80168/56895/10327/160851/119548/8525/80339/84513/4023/57016/8527/5406/132158/1609/154141/223/129642/8613/150763/128966744/1608/55326/1056/2710/57678/84803",37
"Cellular Processes","Cell motility","hsa04814","Motor proteins","96/3293","197/8546",0.487309644670051,1.26466693694208,2.97552615607917,0.00204462540216489,0.0107807521205058,0.00675019869614247,"3801/7169/4430/4643/4627/3800/7171/1781/60/71/84617/113457/103910/63971/79784/10627/4651/55083/126820/3797/147700/4646/10398/10381/51626/146439/112714/3831/399687/8701/7170/55614/140469/59/1767/10382/1769/7846/51164/6993/4645/1639/4650/547/79819/84516/4642/4644/80022/832/83544/1770/23095/7280/347733/3835/7138/9493/4637/196385/25981/7283/1783/7802/79861/51174/7139/7135/6990/4647/7134/55605/84790/23026/84376/221458/374654/7137/79659/1768/4636/7136/27019/4649/260334/124908013/124908015/124908041/56171/90990/4629/4621/81930/57576/22989/51807",96
"Human Diseases","Cardiovascular disease","hsa05417","Lipid and atherosclerosis","104/3293","216/8546",0.481481481481481,1.24954167650797,2.941004316061,0.00224417070432211,0.0115434610719127,0.00722775693250432,"810/355/5603/8503/5331/30001/19/9138/958/3383/10000/5468/5530/3606/5908/1535/5452/834/317/4312/3553/10333/7132/3576/6714/57534/6885/3949/839/5601/2920/7099/805/2921/387/2919/4688/5594/581/5602/1573/1432/7410/114548/998/5879/3569/7184/5332/7097/7124/4790/7157/114609/8797/5747/1147/8795/4780/10010/29108/4318/637/836/3309/148022/8743/598/572/29110/5291/5600/4615/5534/163688/3708/9475/10451/22926/23643/7189/54205/5290/7436/3661/5535/177/23118/1559/2932/5608/3329/91860/25833/4067/3305/23236/4773/5330/929/5295/142678/4846/3306",104
"Metabolism","Glycan biosynthesis and metabolism","hsa00532","Glycosaminoglycan biosynthesis - chondroitin sulfate / dermatan sulfate","15/3293","21/8546",0.714285714285714,1.85371567394039,3.10115809620085,0.00227976977642069,0.0115434610719127,0.00722775693250432,"51363/29940/126792/9469/50515/64131/64132/92126/79586/54480/56548/10090/22856/55790/55454",15
"Human Diseases","Endocrine and metabolic disease","hsa04931","Insulin resistance","57/3293","109/8546",0.522935779816514,1.35712395211416,2.97088883728611,0.00228878969529304,0.0115434610719127,0.00722775693250432,"5836/148327/8503/3667/6513/11001/3643/8660/10000/32/5770/7132/2308/10998/5588/9021/51085/5507/5601/10488/376497/183/90673/6195/9586/51422/5564/5602/3569/27330/7124/4790/1374/5524/9945/5291/5499/5580/5290/2997/28965/5581/10891/64764/133522/5834/2932/90993/57761/5565/6197/5465/6517/5295/5837/4846/1375",57
"Organismal Systems","Nervous system","hsa04724","Glutamatergic synapse","60/3293","116/8546",0.517241379310345,1.34234583285339,2.93919534839961,0.00249231897816408,0.0123903857771586,0.0077580455410521,"5567/9454/2771/5331/116443/27165/5530/2776/5337/55970/2791/109/776/107/255189/2773/3710/5321/113/5594/10681/2788/2787/2902/85358/5332/2770/2744/2752/7220/196883/9455/6507/3709/2784/2905/54331/23154/54407/5534/3708/156/2901/51764/2786/5535/123745/116444/2790/2912/5338/283748/6506/1742/81539/23236/8605/5330/2890/2906",60
"Human Diseases","Cardiovascular disease","hsa05416","Viral myocarditis","39/3293","70/8546",0.557142857142857,1.44589822567351,2.96577014254737,0.00253865247940506,0.0124429727159572,0.00779097202723274,"857/5880/3105/60/71/958/3133/1756/3383/3107/4842/6640/8910/2534/3134/3135/284217/8082/3112/27/3106/3908/5879/3115/3109/637/836/1837/54205/942/3683/3123/3108/6645/3119/5881/25/6443/3111",39
"Human Diseases","Endocrine and metabolic disease","hsa04932","Non-alcoholic fatty liver disease","78/3293","157/8546",0.496815286624204,1.28933599741587,2.89697933164762,0.0026914512015242,0.0130086808073669,0.0081451812677706,"355/5603/8503/1050/3667/4710/3643/8660/10000/5468/7040/3552/2931/3570/3553/7132/3953/3576/9021/51085/79602/5601/83737/4716/1537/170712/10018/7388/581/51422/5564/4720/5602/27089/1350/1432/998/4701/5879/4706/3569/4707/7124/4790/4698/4723/4695/1349/1345/4697/637/836/1329/4731/7385/4694/4714/5291/5600/6389/4696/7386/54205/5290/440567/1340/2932/4722/9377/3952/125965/54539/4718/5565/5465/4725/4702/5295",78
"Cellular Processes","Cellular community - eukaryotes","hsa04540","Gap junction","49/3293","92/8546",0.532608695652174,1.38222712209034,2.91831717388587,0.00277077943126782,0.0132086471517973,0.00827038705511807,"2982/5567/5154/56034/2771/2983/5331/84617/113457/2776/1902/1950/1956/109/6714/107/2773/3710/2697/10381/983/113/5594/112714/5604/5159/3358/10382/5155/5332/2770/7846/196883/3709/7280/3708/347733/6654/79861/5593/84790/260334/124908013/124908015/124908041/23236/5330/6655/51807",49
"Organismal Systems","Endocrine system","hsa04915","Estrogen signaling pathway","70/3293","139/8546",0.503597122302158,1.3069362305479,2.88857221972351,0.00281491915040701,0.0132377278965086,0.00828859550688835,"810/5567/7039/148327/3880/2771/8503/5331/9687/4313/10000/2776/25984/1388/3872/1956/3866/6464/3861/8648/109/6714/3860/107/1839/2773/3710/10488/805/2852/113/3868/5594/9586/5604/3885/7184/5332/1509/2770/399694/196883/5914/4318/3857/3709/3875/5291/163688/3765/3708/3881/5580/8202/2099/5290/6654/10499/64764/2550/90993/91860/3884/2288/3305/23236/5330/5295/6655/4846",70
"Organismal Systems","Immune system","hsa04666","Fc gamma R-mediated phagocytosis","52/3293","99/8546",0.525252525252525,1.36313637437233,2.87729440934208,0.00308860038861907,0.0143311058031925,0.00897319691851434,"6850/5058/5880/7408/10109/8611/8503/2934/10097/8877/10000/65108/10095/3635/50807/5337/8612/4651/10810/255189/274/1399/5321/3985/57180/5594/8853/5604/8398/7410/998/5879/10094/1398/5291/10096/10451/5580/5336/382/8613/5290/5581/1072/123745/10093/5338/283748/4067/8605/5295/7454",52
"Environmental Information Processing","Signal transduction","hsa04370","VEGF signaling pathway","34/3293","60/8546",0.566666666666667,1.47061443465938,2.89626004906826,0.00323084229607548,0.0147938568293982,0.00926294120896986,"5880/5603/5829/8503/8877/10000/5530/6714/255189/5321/5594/5604/1432/998/5743/5879/5747/572/5291/5600/5534/7422/5336/5290/7867/5535/123745/5881/283748/9047/8605/4773/5295/4846",34
"Organismal Systems","Immune system","hsa04657","IL-17 signaling pathway","50/3293","95/8546",0.526315789473684,1.36589575974555,2.83931336606474,0.00348127317494865,0.0157335462971705,0.00985131301728462,"8061/5603/7128/10758/132014/6280/55540/4312/3553/3576/8717/6885/5601/6279/2920/3934/6374/2921/1437/6372/2919/6364/5594/5602/1432/257397/5743/3569/7184/7124/4790/1147/51433/4318/836/1440/29110/1051/5600/7189/23765/23118/2932/5596/3727/29761/84818/4322/7188/4586",50
"Environmental Information Processing","Signal transduction","hsa04371","Apelin signaling pathway","70/3293","140/8546",0.5,1.29760097175828,2.8109418954653,0.00353980273683586,0.0157929660566523,0.0098885177668694,"810/4088/5567/5327/2771/3991/5331/5140/8877/6262/10000/2776/5054/182/4842/6546/55970/2791/109/107/22800/2773/3710/6237/81631/805/5289/113/5594/10681/51422/5564/2788/5604/23533/2787/59/5332/2770/7046/196883/4087/8862/3709/2784/54331/10672/163688/3708/4089/6261/51764/2786/814/6548/5581/10891/84557/1490/2790/22808/91860/5565/1958/23236/5330/55811/10365/4846/6696",70
"Organismal Systems","Endocrine system","hsa04919","Thyroid hormone signaling pathway","62/3293","122/8546",0.508196721311475,1.31887311883628,2.80858029347006,0.00364510430938196,0.0160569151856319,0.010053785370314,"5567/6567/8503/5331/6513/60/71/10000/1499/117247/1733/481/8648/2308/6714/113026/4851/3091/7067/29079/488/2648/5333/5594/5213/7249/5214/652/51196/5604/10231/5332/116931/7157/9442/9862/7068/1735/3685/572/84812/4853/5291/8202/9282/5336/2099/5290/10499/6548/478/5208/1827/2932/487/90390/4855/489/23236/5330/5295/3690",62
"Organismal Systems","Immune system","hsa04621","NOD-like receptor signaling pathway","91/3293","189/8546",0.481481481481481,1.24954167650797,2.74660994345981,0.00408438127415208,0.0177670585425615,0.0111245647861774,"7205/3716/340061/7226/5585/5603/7128/79792/3428/5331/118429/63940/84674/2635/1508/3606/1535/834/3553/837/3576/90550/24145/6885/5601/3710/4940/81631/2920/4939/7099/2921/387/11035/4671/2919/22861/5594/330/8737/114769/5602/115361/1432/2633/257397/114548/3569/5332/7124/4790/3455/79671/9051/1147/7158/10910/11337/10010/29108/7295/148022/598/3709/329/29110/5600/4615/3708/5027/5580/7189/10135/4793/3661/84168/91662/8767/4938/84557/51393/23118/10379/10392/10616/22900/64170/23236/5330/820/7188",91
"Organismal Systems","Development and regeneration","hsa04380","Osteoclast differentiation","71/3293","143/8546",0.496503496503497,1.28852683908864,2.75476942016102,0.00415445712089242,0.0178487787416119,0.0111757326059094,"2274/6850/140885/8061/7048/3716/5603/8503/7042/54/10000/5468/5530/7040/3552/2355/1535/5971/3553/7132/2534/9021/6885/5601/3710/1435/3726/4791/3460/488/4688/5594/5602/5604/10326/1432/54209/5879/7124/4790/3459/3455/7046/1147/3554/3709/5291/5600/5534/3708/8792/7189/5336/5290/814/1540/8651/5535/23118/10379/5608/3727/7006/487/1436/489/4773/5295/29760/4286/3690",71
"Human Diseases","Cancer: specific types","hsa05214","Glioma","41/3293","76/8546",0.539473684210526,1.40004315373919,2.77344866561862,0.0043956234202296,0.0186545969541451,0.0116802830293649,"810/5154/7039/1021/8503/5925/10000/1950/1956/6464/8536/1647/3479/805/578/5594/581/4616/5604/5159/5155/7157/399694/1643/1026/10912/5291/1870/163688/1869/5336/5290/6654/814/57118/91860/3480/5295/6655/1029/57172",41
"Organismal Systems","Immune system","hsa04625","C-type lectin receptor signaling pathway","54/3293","105/8546",0.514285714285714,1.33467528523708,2.73192982902954,0.00466376013460782,0.0195540786366689,0.0122434793641575,"6850/810/5058/5603/8503/3659/10000/5530/1263/834/5971/3553/64581/6714/22800/5601/3710/6237/8915/805/4791/387/5594/5602/1432/114548/5743/3569/7124/4790/1147/29108/3709/5291/5600/5534/163688/3708/5580/5336/5290/1540/5535/10379/51561/4776/22808/91860/868/1960/64170/602/4773/5295",54
"Human Diseases","Drug resistance: antineoplastic","hsa01522","Endocrine resistance","51/3293","99/8546",0.515151515151515,1.33692221332671,2.66958770644697,0.00561540364866397,0.0232638151158936,0.0145662726224742,"5567/5603/8503/28514/5925/4313/10000/182/1956/6464/109/6714/107/4851/1839/5601/3479/2852/113/5594/10683/581/10498/5602/5604/1432/1027/7157/5747/1031/399694/196883/4318/1026/572/4853/5291/1870/5600/1869/8202/2099/5290/6654/3480/4855/5295/6655/638/1029/8647",51
"Human Diseases","Drug resistance: antineoplastic","hsa01524","Platinum drug resistance","40/3293","75/8546",0.533333333333333,1.38410770320883,2.64523649767816,0.00631369317440242,0.0258490026434358,0.0161849472086849,"119391/2067/355/2950/8503/9446/10000/317/2946/2948/578/5594/330/581/5366/4259/7157/4436/2947/637/836/1026/5429/598/572/329/4258/5291/7507/2938/2939/54205/5290/2944/1317/4437/2956/1244/5295/1029",40
"Environmental Information Processing","Signal transduction","hsa04330","Notch signaling pathway","34/3293","62/8546",0.548387096774194,1.42317525934779,2.64767077886168,0.00650839992232366,0.0263363159647515,0.0164900707946267,"84441/28514/23220/55534/182/6868/4851/7090/83737/196403/1488/2648/10683/4242/79816/3516/113878/7089/51107/7088/4853/7091/8650/5664/83464/342371/5986/3955/441478/6310/4855/171558/23013/3280",34
"Metabolism","Lipid metabolism","hsa00071","Fatty acid degradation","25/3293","43/8546",0.581395348837209,1.50883833925381,2.64835477652839,0.00702817186321065,0.0280964797508272,0.0175921697169426,"2182/501/36/33/2180/35/128/39/38/1632/126/10455/1892/1374/34/1376/223/23205/126129/23305/2181/2639/10449/130/1375",25
"Human Diseases","Infectious disease: bacterial","hsa05120","Epithelial cell signaling in Helicobacter pylori infection","38/3293","71/8546",0.535211267605634,1.3889813218821,2.60577112490439,0.00710485694848504,0.0280964797508272,0.0175921697169426,"4233/5058/155066/5603/1956/6868/5803/3576/6714/1839/5601/2920/2921/10312/2919/150084/50848/90423/5602/1432/998/5879/102/4790/523/1147/836/28964/5600/5336/9296/10392/533/3579/527/4067/51382/245973",38
"Human Diseases","Neurodegenerative disease","hsa05010","Alzheimer disease","174/3293","391/8546",0.445012787723785,1.15489805159049,2.48239306582641,0.00789153173227805,0.0308567757621659,0.0193204857313017,"810/25825/4137/7476/6622/355/57142/3800/8503/3667/5331/91252/4710/3643/8660/824/7480/84617/8322/823/10000/113457/5530/2776/351/1499/22943/3552/10313/4842/8313/317/64116/3553/6868/348/1459/7132/5610/776/90550/2597/147700/4311/5601/3710/1435/10381/805/4716/81029/5289/1537/488/1139/170712/23401/5594/112714/506/7388/3831/5708/4035/1454/4720/11211/5602/27089/1350/5604/4023/4701/291/5743/7477/102/2902/4706/3569/10382/8326/4707/5332/7124/4790/7473/7846/4698/7474/1147/4723/1131/4695/8323/1349/1345/4697/51107/637/836/1329/4731/7385/27173/4694/29985/3709/572/2905/1457/4714/29982/5291/1128/25800/5534/163688/7280/3708/11047/6389/7479/347733/4696/7386/89832/8321/5664/83464/22926/54205/10213/27123/10023/5290/440567/515/8312/10105/55630/5535/79861/177/1340/1020/2932/4722/522/7855/9377/91860/125965/54539/4718/84790/487/8324/8325/4725/260334/124908013/124908015/124908041/283106/489/8408/23236/5330/4702/5295/322/2906/51807",174
"Environmental Information Processing","Signal transduction","hsa04024","cAMP signaling pathway","105/3293","226/8546",0.464601769911504,1.20573541623557,2.48170305019164,0.00835550994576464,0.0323079717902899,0.0202291293423775,"810/5058/5880/5567/64411/148327/2771/3991/8503/1906/5140/116443/6262/10000/10257/5908/10846/5337/481/109/6662/776/1909/107/2641/22800/10411/2773/5601/6237/64208/10398/10488/805/7074/6093/8843/387/488/113/5594/27198/338442/9586/51196/5602/5604/7410/5879/2902/4790/6755/2770/11149/135/2149/5727/196883/2867/627/5733/268/2740/2696/572/2905/5291/4301/5499/1128/163688/64399/9475/10451/1907/11069/1258/490/5290/4886/814/6548/64764/478/2550/116444/90993/3351/91860/5338/5881/487/5465/7137/84152/610/489/2735/493/5295/2890/55811/134/51738/2906",105
"Environmental Information Processing","Signal transduction","hsa04392","Hippo signaling pathway - multiple species","18/3293","29/8546",0.620689655172414,1.61081499942407,2.60863650247183,0.00860612361849757,0.0327853390602358,0.0205280253643944,"25937/122786/5058/126374/55233/84962/7003/166824/8463/8994/79633/6788/1454/26524/60485/7005/23286/10413",18
"Human Diseases","Infectious disease: parasitic","hsa05142","Chagas disease","52/3293","103/8546",0.504854368932039,1.31019903944525,2.50760348566175,0.00866738848718876,0.0327853390602358,0.0205280253643944,"7048/624/355/5603/2771/8503/5331/7042/10000/2769/2776/5054/7040/3553/10333/7132/3576/107/718/2773/5601/5516/7099/2774/3460/5594/5602/1432/3569/5332/7097/7124/4790/3459/2770/5521/7046/1147/9630/148022/4087/5291/5600/4615/7189/5290/5522/7043/23236/5330/5295/1636",52
"Cellular Processes","Transport and catabolism","hsa04146","Peroxisome","43/3293","83/8546",0.518072289156627,1.34450221170135,2.49699164189468,0.00923551494518668,0.0345587010852147,0.0216383881568041,"2182/215/7498/2180/5192/2053/255027/11001/1891/3418/373156/11264/5830/3417/3295/390916/8540/5264/10654/10455/8443/26063/51555/51179/92960/5824/5189/23305/23417/2181/25824/6647/25961/23600/5193/84188/4598/189/8528/8309/847/54677/51268",43
"Environmental Information Processing","Signal transduction","hsa04350","TGF-beta signaling pathway","54/3293","108/8546",0.5,1.29760097175828,2.46419266602397,0.00964650675061507,0.0357125994597239,0.0223608835092645,"10468/4088/7048/79875/7042/2014/7057/1030/3625/7040/25805/658/3624/3077/57154/4681/100532736/4756/3398/4091/656/5516/90/650/64750/269/6093/387/2200/4093/5594/652/2615/7027/2331/7124/1874/7046/4087/268/7050/4089/5308/9765/7043/8200/3400/3399/7036/6498/4052/353500/375387/654",54
"Metabolism","Global and overview maps","hsa01212","Fatty acid metabolism","31/3293","57/8546",0.543859649122807,1.41142561840374,2.46745187011692,0.0106829475337773,0.039133323597416,0.0245027162270572,"2182/36/33/2180/6319/401494/51144/9200/35/39/38/54995/79966/3295/9374/1892/1374/34/6785/1376/60481/23205/126129/23305/2181/54898/79993/9415/10449/79071/1375",31
"Organismal Systems","Nervous system","hsa04722","Neurotrophin signaling pathway","59/3293","120/8546",0.491666666666667,1.27597428889564,2.41044217271314,0.0109215867827374,0.0395907520874231,0.024789127895029,"810/5603/8503/3667/10000/4794/5908/4909/6464/4804/1399/5601/805/11213/387/10019/7161/397/5594/581/6195/2549/5602/5604/1432/998/5879/3656/27330/4790/7157/1398/399694/627/27018/572/5291/5600/396/163688/5664/5580/7189/5336/5290/4793/6654/814/8767/10782/398/2932/91860/25/6197/4145/5295/6655/4803",59
"Human Diseases","Immune disease","hsa05323","Rheumatoid arthritis","48/3293","95/8546",0.505263157894737,1.31125992935573,2.41534495604615,0.0111678746936465,0.0400661896225668,0.0250868156438939,"155066/7042/3383/54/7040/3552/3606/4312/3553/3576/1435/2920/7099/6374/2921/10312/1437/6372/2919/6364/3112/90423/3569/3115/7097/7124/523/3109/8741/8792/7422/9296/942/3683/51561/3123/7043/3600/3108/533/7010/3119/527/10673/51382/3111/245973/3589",48
"Organismal Systems","Circulatory system","hsa04270","Vascular smooth muscle contraction","65/3293","134/8546",0.485074626865672,1.25886661439236,2.39126115757441,0.0113001937547622,0.0401272186393595,0.0251250280046806,"2982/810/5567/10267/4627/2983/5331/133/9138/1906/2776/79784/136/3778/109/776/1909/5588/107/255189/3710/5321/10398/4882/805/6093/387/183/113/5594/5320/54776/5604/8398/800/146/59/94274/5332/135/196883/2768/5322/9826/3709/5499/10672/163688/3708/9475/4637/1907/5580/5581/123745/4660/91860/283748/797/10203/23236/8605/5330/147/4629",65
"Metabolism","Glycan biosynthesis and metabolism","hsa00512","Mucin type O-glycan biosynthesis","21/3293","36/8546",0.583333333333333,1.51386780038465,2.44616683600547,0.0124335903115848,0.0437059538225405,0.0273657968580335,"2591/6482/10610/79623/11226/11227/374378/10331/56913/2589/6483/55808/27090/55568/51301/442117/79695/8693/2590/728819/9245",21
"Metabolism","Glycan biosynthesis and metabolism","hsa00533","Glycosaminoglycan biosynthesis - keratan sulfate","10/3293","14/8546",0.714285714285714,1.85371567394039,2.53104605654637,0.0130044964837307,0.0452556477633828,0.0283361133908658,"6482/10678/6483/4166/2530/93010/8703/2683/10164/9435",10
"Metabolism","Lipid metabolism","hsa00062","Fatty acid elongation","17/3293","28/8546",0.607142857142857,1.57565832284933,2.41558978466669,0.0142550962888609,0.0488606694552159,0.0305933411289464,"11332/401494/10965/51144/9200/153364/117145/641371/122970/9374/1892/6785/60481/54898/79993/10449/79071",17
"Organismal Systems","Endocrine system","hsa04924","Renin secretion","36/3293","69/8546",0.521739130434783,1.35401840531298,2.33763926657677,0.0143212307023909,0.0488606694552159,0.0305933411289464,"2982/810/5567/9635/2771/2983/5331/1906/5140/5530/2776/1508/3778/776/1909/2773/3710/805/183/5332/2770/358/5734/3709/5534/163688/22802/3708/1907/5535/5593/91860/23236/5330/1636/134",36
